{
  "accuracy": 0.8048261178140526,
  "precision": 0.6561514195583596,
  "recall": 0.5561497326203209,
  "f1": 0.6020260492040521,
  "roc_auc": 0.8425534113513653
}